{
    "version": "1.0",
    "explanations": {
        "kernel_shap": {
            "1": {
                "global_shap_values": {
                    "patient_id": 0.008367215711045865,
                    "patient_race": 0.016171937906020936,
                    "payer_type": 0.06499326996467539,
                    "patient_state": 0.04369845805752426,
                    "patient_zip3": 0.0073546102954492945,
                    "patient_age": 0.05826162943031682,
                    "patient_gender": 0.006249233855277318,
                    "bmi": 0.02374272765692828,
                    "breast_cancer_diagnosis_code": 0.45359434923132713,
                    "breast_cancer_diagnosis_desc": 0.10601547289909692,
                    "metastatic_cancer_diagnosis_code": 0.05898030268040047,
                    "metastatic_first_novel_treatment": 0.005942473506950189,
                    "metastatic_first_novel_treatment_type": 0.005901006545951361,
                    "Region": 0.0061481154987980974,
                    "Division": 0.006041328903399972,
                    "population": 0.0073778446873707096,
                    "density": 0.006054799735878444,
                    "age_median": 0.006564249590913754,
                    "age_under_10": 0.009023736215478,
                    "age_10_to_19": 0.009506607881098578,
                    "age_20s": 0.0065873587961263825,
                    "age_30s": 0.006819061094327706,
                    "age_40s": 0.006440079410587172,
                    "age_50s": 0.006962336527574178,
                    "age_60s": 0.00622188286138614,
                    "age_70s": 0.0062317550033559495,
                    "age_over_80": 0.005968582975964016,
                    "male": 0.007145677734503673,
                    "female": 0.007585282202274872,
                    "married": 0.005958446874825489,
                    "divorced": 0.006023882901234835,
                    "never_married": 0.006873588654832501,
                    "widowed": 0.007835784521020203,
                    "family_size": 0.00855571684726867,
                    "family_dual_income": 0.008284798046466623,
                    "income_household_median": 0.0060651814142520305,
                    "income_household_under_5": 0.021956015140622107,
                    "income_household_5_to_10": 0.005929540306003183,
                    "income_household_10_to_15": 0.006731193881576802,
                    "income_household_15_to_20": 0.006578421490069213,
                    "income_household_20_to_25": 0.009216832844391875,
                    "income_household_25_to_35": 0.0082052011945662,
                    "income_household_35_to_50": 0.006378306214772412,
                    "income_household_50_to_75": 0.007102668001369718,
                    "income_household_75_to_100": 0.009033008142867996,
                    "income_household_100_to_150": 0.007698940459796006,
                    "income_household_150_over": 0.006251654008096808,
                    "income_household_six_figure": 0.005891861492034731,
                    "income_individual_median": 0.01942012775590647,
                    "home_ownership": 0.009908574287473507,
                    "housing_units": 0.006073279481998718,
                    "home_value": 0.007439063759212084,
                    "rent_median": 0.006666111960161755,
                    "rent_burden": 0.007808820154197339,
                    "education_less_highschool": 0.009009305491563509,
                    "education_highschool": 0.012669862683453924,
                    "education_some_college": 0.006361006939440759,
                    "education_bachelors": 0.006118835529131856,
                    "education_graduate": 0.006916855966321651,
                    "education_college_or_above": 0.0064155826427231884,
                    "education_stem_degree": 0.006732297535622155,
                    "labor_force_participation": 0.006213447750750746,
                    "unemployment_rate": 0.011422860250225124,
                    "self_employed": 0.011980092989747657,
                    "farmer": 0.0064529330639489044,
                    "race_white": 0.006205615083848345,
                    "race_black": 0.009827673839053338,
                    "race_asian": 0.006901177896508054,
                    "race_native": 0.006329880723843017,
                    "race_pacific": 0.025946163138292545,
                    "race_other": 0.00642030556135245,
                    "race_multiple": 0.006268725944612469,
                    "hispanic": 0.008791855285321268,
                    "disabled": 0.006048793393449012,
                    "poverty": 0.005757395997837156,
                    "limited_english": 0.006521125209081628,
                    "commute_time": 0.006418565747954461,
                    "health_uninsured": 0.014072665980643976,
                    "veteran": 0.007108177618870745,
                    "Ozone": 0.012843969967267853,
                    "PM25": 0.0131455947179949,
                    "N02": 0.011257240370378997
                },
                "expected_value": 0.6785295319266325
            },
            "0": {
                "global_shap_values": {
                    "patient_id": 0.008367216342147259,
                    "patient_race": 0.016171939234149234,
                    "payer_type": 0.06499326579064342,
                    "patient_state": 0.04369845647517283,
                    "patient_zip3": 0.007354608771722616,
                    "patient_age": 0.05826162545536654,
                    "patient_gender": 0.0062492348144801485,
                    "bmi": 0.0237427276757344,
                    "breast_cancer_diagnosis_code": 0.45359435031565587,
                    "breast_cancer_diagnosis_desc": 0.1060154759125764,
                    "metastatic_cancer_diagnosis_code": 0.05898030615635106,
                    "metastatic_first_novel_treatment": 0.005942476239211214,
                    "metastatic_first_novel_treatment_type": 0.005901009350447001,
                    "Region": 0.0061481201274695115,
                    "Division": 0.006041323109576111,
                    "population": 0.007377839800225193,
                    "density": 0.006054802512630438,
                    "age_median": 0.00656424497018843,
                    "age_under_10": 0.009023736568623477,
                    "age_10_to_19": 0.009506610717318089,
                    "age_20s": 0.006587357351214979,
                    "age_30s": 0.006819059547636308,
                    "age_40s": 0.006440081680482729,
                    "age_50s": 0.006962333492199131,
                    "age_60s": 0.006221884565421616,
                    "age_70s": 0.006231753475161341,
                    "age_over_80": 0.005968585455084405,
                    "male": 0.007145676158764252,
                    "female": 0.007585287052599719,
                    "married": 0.005958445951926309,
                    "divorced": 0.006023885055393336,
                    "never_married": 0.006873589117534408,
                    "widowed": 0.007835783502994423,
                    "family_size": 0.008555714201870596,
                    "family_dual_income": 0.00828480071686828,
                    "income_household_median": 0.006065179276988975,
                    "income_household_under_5": 0.02195601415897194,
                    "income_household_5_to_10": 0.005929540509890203,
                    "income_household_10_to_15": 0.006731195777718721,
                    "income_household_15_to_20": 0.0065784195531022735,
                    "income_household_20_to_25": 0.009216830452851469,
                    "income_household_25_to_35": 0.008205203353060408,
                    "income_household_35_to_50": 0.0063783069376615025,
                    "income_household_50_to_75": 0.0071026706577685264,
                    "income_household_75_to_100": 0.00903300644168856,