{
    "importance": {
        "patient_id": 0.016734432053193124,
        "patient_race": 0.032343877140170174,
        "payer_type": 0.12998653575531882,
        "patient_state": 0.08739691453269709,
        "patient_zip3": 0.01470921906717191,
        "patient_age": 0.11652325488568335,
        "patient_gender": 0.012498468669757467,
        "bmi": 0.047485455332662685,
        "breast_cancer_diagnosis_code": 0.907188699546983,
        "breast_cancer_diagnosis_desc": 0.21203094881167334,
        "metastatic_cancer_diagnosis_code": 0.11796060883675152,
        "metastatic_first_novel_treatment": 0.011884949746161402,
        "metastatic_first_novel_treatment_type": 0.01180201589639836,
        "Region": 0.01229623562626761,
        "Division": 0.012082652012976083,
        "population": 0.014755684487595903,
        "density": 0.01210960224850888,
        "age_median": 0.013128494561102183,
        "age_under_10": 0.018047472784101477,
        "age_10_to_19": 0.01901321859841667,
        "age_20s": 0.01317471614734136,
        "age_30s": 0.013638120641964013,
        "age_40s": 0.012880161091069901,
        "age_50s": 0.013924670019773308,
        "age_60s": 0.012443767426807757,
        "age_70s": 0.01246350847851729,
        "age_over_80": 0.01193716843104842,
        "male": 0.014291353893267925,
        "female": 0.015170569254874592,
        "married": 0.011916892826751797,
        "divorced": 0.012047767956628172,
        "never_married": 0.01374717777236691,
        "widowed": 0.015671568024014627,
        "family_size": 0.017111431049139265,
        "family_dual_income": 0.016569598763334904,
        "income_household_median": 0.012130360691241005,
        "income_household_under_5": 0.04391202929959405,
        "income_household_5_to_10": 0.011859080815893385,
        "income_household_10_to_15": 0.013462389659295523,
        "income_household_15_to_20": 0.013156841043171486,
        "income_household_20_to_25": 0.018433663297243344,
        "income_household_25_to_35": 0.016410404547626607,
        "income_household_35_to_50": 0.012756613152433914,
        "income_household_50_to_75": 0.014205338659138245,
        "income_household_75_to_100": 0.018066014584556554,
        "income_household_100_to_150": 0.015397878519911482,
        "income_household_150_over": 0.012503310662087853,
        "income_household_six_figure": 0.011783720018783798,
        "income_individual_median": 0.03884025394124763,
        "home_ownership": 0.019817143935525555,
        "housing_units": 0.012146559313638488,
        "home_value": 0.014878126580392038,
        "rent_median": 0.013332219726910415,
        "rent_burden": 0.01561763830550544,
        "education_less_highschool": 0.018018611249291196,
        "education_highschool": 0.02533972331124392,
        "education_some_college": 0.0127220151855577,
        "education_bachelors": 0.012237662039918124,
        "education_graduate": 0.013833713214744067,
        "education_college_or_above": 0.01283116449088247,
        "education_stem_degree": 0.013464598868054149,
        "labor_force_participation": 0.012426900753786017,
        "unemployment_rate": 0.022845720504402894,
        "self_employed": 0.023960191316226453,
        "farmer": 0.012905866307308592,
        "race_white": 0.01241123190908569,
        "race_black": 0.01965535071072281,
        "race_asian": 0.01380235753422001,
        "race_native": 0.012659765120009957,
        "race_pacific": 0.05189231838904064,
        "race_other": 0.01284060745447849,
        "race_multiple": 0.012537448487982652,
        "hispanic": 0.017583710229326945,
        "disabled": 0.012097588447166706,
        "poverty": 0.01151479113101405,
        "limited_english": 0.013042251426965265,
        "commute_time": 0.012837130828794546,
        "health_uninsured": 0.028145332491865085,
        "veteran": 0.014216357739546978,
        "Ozone": 0.02568793298424748,
        "PM25": 0.026291188742677087,
        "N02": 0.022514485030805706
    }
}