{
    "version": "1.0",
    "explanations": {
        "kernel_shap": {
            "1": {
                "global_shap_values": {
                    "patient_id": 0.0239080436421798,
                    "patient_race": 0.06534201901753801,
                    "payer_type": 0.08937370124865318,
                    "patient_state": 0.034724921332621256,
                    "patient_zip3": 0.026083152398205706,
                    "patient_age": 0.05053715773425525,
                    "patient_gender": 0.017154467531392045,
                    "bmi": 0.025869019740694783,
                    "breast_cancer_diagnosis_code": 0.5325905878465078,
                    "breast_cancer_diagnosis_desc": 0.09913708749326858,
                    "metastatic_cancer_diagnosis_code": 0.04192846608297904,
                    "metastatic_first_novel_treatment": 0.018697350958508607,
                    "metastatic_first_novel_treatment_type": 0.01810758959697769,
                    "Region": 0.039195934774616456,
                    "Division": 0.03375305879162322,
                    "population": 0.02162664509133323,
                    "density": 0.023421714237938093,
                    "age_median": 0.02001696305943174,
                    "age_under_10": 0.01986435121451337,
                    "age_10_to_19": 0.01869131063372088,
                    "age_20s": 0.022221656373152134,
                    "age_30s": 0.02186986616746228,
                    "age_40s": 0.021403670960004704,
                    "age_50s": 0.024499435911144483,
                    "age_60s": 0.02113454550277359,
                    "age_70s": 0.020729537492016278,
                    "age_over_80": 0.018778815798538552,
                    "male": 0.018876314188762018,
                    "female": 0.020048621189083567,
                    "married": 0.028157441702011305,
                    "divorced": 0.022405366946252343,
                    "never_married": 0.021462030225880467,
                    "widowed": 0.019916898522144073,
                    "family_size": 0.020156119114296548,
                    "family_dual_income": 0.02078226425220547,
                    "income_household_median": 0.02186946106807321,
                    "income_household_under_5": 0.02001838564398591,
                    "income_household_5_to_10": 0.018076048461661394,
                    "income_household_10_to_15": 0.021366695362479676,
                    "income_household_15_to_20": 0.019419051408155922,
                    "income_household_20_to_25": 0.02067080494108964,
                    "income_household_25_to_35": 0.0186550836558296,
                    "income_household_35_to_50": 0.020518723612176076,
                    "income_household_50_to_75": 0.021241484509337463,
                    "income_household_75_to_100": 0.022904036514890584,
                    "income_household_100_to_150": 0.02199053688872967,
                    "income_household_150_over": 0.020151568171917454,
                    "income_household_six_figure": 0.022106396204000393,
                    "income_individual_median": 0.020656096119166564,
                    "home_ownership": 0.022964325627058527,
                    "housing_units": 0.02013954181622084,
                    "home_value": 0.027789043908514156,
                    "rent_median": 0.022359202346856535,
                    "rent_burden": 0.020637939600068208,
                    "education_less_highschool": 0.020948743893243648,
                    "education_highschool": 0.02493694732373392,
                    "education_some_college": 0.02756286994431883,
                    "education_bachelors": 0.020229187832027522,
                    "education_graduate": 0.02057549516475332,
                    "education_college_or_above": 0.022063586278745603,
                    "education_stem_degree": 0.022899974656482865,
                    "labor_force_participation": 0.021927831916321486,
                    "unemployment_rate": 0.02039837146787857,
                    "self_employed": 0.02613700036753717,
                    "farmer": 0.019387837135899224,
                    "race_white": 0.022300488123784278,
                    "race_black": 0.024160026042430265,
                    "race_asian": 0.022377623198862804,
                    "race_native": 0.02103450895888997,
                    "race_pacific": 0.02019788262397573,
                    "race_other": 0.02638905559387495,
                    "race_multiple": 0.022839559099171028,
                    "hispanic": 0.02275932437629736,
                    "disabled": 0.022211502489338803,
                    "poverty": 0.023284784901197366,
                    "limited_english": 0.022878817517243952,
                    "commute_time": 0.022793450541326785,
                    "health_uninsured": 0.022499554411486898,
                    "veteran": 0.023530277377846808,
                    "Ozone": 0.020955325788843307,
                    "PM25": 0.023148421266590596,
                    "N02": 0.020434310733462042
                },
                "expected_value": 0.8204147559873937
            },
            "0": {
                "global_shap_values": {
                    "patient_id": 0.023908052186181132,
                    "patient_race": 0.06534202091026355,
                    "payer_type": 0.08937370017469223,
                    "patient_state": 0.03472492306751301,
                    "patient_zip3": 0.026083159218337187,
                    "patient_age": 0.05053715603324854,
                    "patient_gender": 0.017154466733834233,
                    "bmi": 0.025869025031853597,
                    "breast_cancer_diagnosis_code": 0.5325905952568312,
                    "breast_cancer_diagnosis_desc": 0.0991370854435195,
                    "metastatic_cancer_diagnosis_code": 0.04192846908385927,
                    "metastatic_first_novel_treatment": 0.018697349898888604,
                    "metastatic_first_novel_treatment_type": 0.018107592157758617,
                    "Region": 0.03919593515230511,
                    "Division": 0.03375305968341402,
                    "population": 0.021626646280258663,
                    "density": 0.02342171591872552,
                    "age_median": 0.02001696424095977,
                    "age_under_10": 0.019864354218866665,
                    "age_10_to_19": 0.01869130761974842,
                    "age_20s": 0.022221658236622758,
                    "age_30s": 0.021869866484337006,
                    "age_40s": 0.021403670258906906,
                    "age_50s": 0.02449943450353856,
                    "age_60s": 0.021134549599156203,
                    "age_70s": 0.02072954819506777,
                    "age_over_80": 0.018778816469055527,
                    "male": 0.018876319149268617,
                    "female": 0.02004862467897077,
                    "married": 0.02815745086087415,
                    "divorced": 0.022405371436346733,
                    "never_married": 0.021462026535935614,
                    "widowed": 0.019916898285987007,
                    "family_size": 0.020156122581440398,
                    "family_dual_income": 0.020782263407685072,
                    "income_household_median": 0.02186946163721278,
                    "income_household_under_5": 0.020018393506902755,
                    "income_household_5_to_10": 0.018076059522171072,
                    "income_household_10_to_15": 0.021366702008401395,
                    "income_household_15_to_20": 0.019419050474734283,
                    "income_household_20_to_25": 0.020670802931425918,
                    "income_household_25_to_35": 0.018655086215529776,
                    "income_household_35_to_50": 0.020518728352890946,
                    "income_household_50_to_75": 0.021241490711240683,
                    "income_household_75_to_100": 0.02290404047811201,