{
    "importance": {
        "patient_id": 0.04781609582836093,
        "patient_race": 0.13068403992780156,
        "payer_type": 0.17874740142334541,
        "patient_state": 0.06944984440013427,
        "patient_zip3": 0.05216631161654289,
        "patient_age": 0.1010743137675038,
        "patient_gender": 0.03430893426522628,
        "bmi": 0.05173804477254838,
        "breast_cancer_diagnosis_code": 1.065181183103339,
        "breast_cancer_diagnosis_desc": 0.19827417293678806,
        "metastatic_cancer_diagnosis_code": 0.08385693516683831,
        "metastatic_first_novel_treatment": 0.03739470085739721,
        "metastatic_first_novel_treatment_type": 0.03621518175473631,
        "Region": 0.07839186992692157,
        "Division": 0.06750611847503724,
        "population": 0.043253291371591895,
        "density": 0.04684343015666361,
        "age_median": 0.040033927300391514,
        "age_under_10": 0.039728705433380036,
        "age_10_to_19": 0.0373826182534693,
        "age_20s": 0.044443314609774895,
        "age_30s": 0.043739732651799285,
        "age_40s": 0.04280734121891161,
        "age_50s": 0.04899887041468304,
        "age_60s": 0.04226909510192979,
        "age_70s": 0.04145908568708405,
        "age_over_80": 0.03755763226759408,
        "male": 0.03775263333803064,
        "female": 0.04009724586805434,
        "married": 0.05631489256288545,
        "divorced": 0.04481073838259908,
        "never_married": 0.042924056761816085,
        "widowed": 0.03983379680813108,
        "family_size": 0.040312241695736946,
        "family_dual_income": 0.04156452765989054,
        "income_household_median": 0.04373892270528599,
        "income_household_under_5": 0.040036779150888664,
        "income_household_5_to_10": 0.03615210798383246,
        "income_household_10_to_15": 0.04273339737088107,
        "income_household_15_to_20": 0.038838101882890205,
        "income_household_20_to_25": 0.04134160787251556,
        "income_household_25_to_35": 0.03731016987135938,
        "income_household_35_to_50": 0.04103745196506702,
        "income_household_50_to_75": 0.042482975220578145,
        "income_household_75_to_100": 0.04580807699300259,
        "income_household_100_to_150": 0.04398107727267345,
        "income_household_150_over": 0.04030313288774559,
        "income_household_six_figure": 0.04421280106467192,
        "income_individual_median": 0.041312193156294634,
        "home_ownership": 0.04592864852285573,
        "housing_units": 0.04027908458036415,
        "home_value": 0.05557808862493718,
        "rent_median": 0.04471841560979339,
        "rent_burden": 0.041275881604440394,
        "education_less_highschool": 0.041897482784454404,
        "education_highschool": 0.04987389582769147,
        "education_some_college": 0.055125740774918205,
        "education_bachelors": 0.04045837508253787,
        "education_graduate": 0.04115099857390958,
        "education_college_or_above": 0.04412717453275934,
        "education_stem_degree": 0.04579994926455759,
        "labor_force_participation": 0.043855664984525505,
        "unemployment_rate": 0.040796745985552524,
        "self_employed": 0.05227400223550658,
        "farmer": 0.038775678291933846,
        "race_white": 0.0446009711171558,
        "race_black": 0.04832005927937039,
        "race_asian": 0.04475524244627781,
        "race_native": 0.04206902363459167,
        "race_pacific": 0.040395758547397305,
        "race_other": 0.05277811087571256,
        "race_multiple": 0.045679122484388476,
        "hispanic": 0.04551865552604462,
        "disabled": 0.044423009100936606,
        "poverty": 0.046569573069260385,
        "limited_english": 0.04575763579452532,
        "commute_time": 0.04558689914588794,
        "health_uninsured": 0.044999112890589554,
        "veteran": 0.04706056400606856,
        "Ozone": 0.041910649795976765,
        "PM25": 0.046296830600694075,
        "N02": 0.040868626479455564
    }
}