{
    "version": "1.0",
    "explanations": {
        "kernel_shap": {
            "1": {
                "global_shap_values": {
                    "patient_id": 0.01093266539153563,
                    "patient_race": 0.030698979284773595,
                    "payer_type": 0.16144775601433894,
                    "patient_state": 0.05407008682868706,
                    "patient_zip3": 0.02193878408127424,
                    "patient_age": 0.07684381624164194,
                    "patient_gender": 0.006039912510280969,
                    "bmi": 0.021148238848002293,
                    "breast_cancer_diagnosis_code": 0.59586979800478,
                    "breast_cancer_diagnosis_desc": 0.2408203846982198,
                    "metastatic_cancer_diagnosis_code": 0.12316719379021802,
                    "metastatic_first_novel_treatment": 0.00688473998540823,
                    "metastatic_first_novel_treatment_type": 0.006592386325710663,
                    "Region": 0.01874042331194569,
                    "Division": 0.022090716974233367,
                    "population": 0.10300555912829748,
                    "density": 0.0320184677311706,
                    "age_median": 0.04208785835352432,
                    "age_under_10": 0.009538751017408602,
                    "age_10_to_19": 0.009339303901866295,
                    "age_20s": 0.00770422977646606,
                    "age_30s": 0.019663411458438404,
                    "age_40s": 0.020453826068312364,
                    "age_50s": 0.008286634271772678,
                    "age_60s": 0.009091351865801407,
                    "age_70s": 0.007937736843719527,
                    "age_over_80": 0.007616721983976472,
                    "male": 0.008066742691173271,
                    "female": 0.007759573811802139,
                    "married": 0.038790534692668,
                    "divorced": 0.006804285000086356,
                    "never_married": 0.05903557613955434,
                    "widowed": 0.016209899343488442,
                    "family_size": 0.03179881560490582,
                    "family_dual_income": 0.019856582190508613,
                    "income_household_median": 0.014458441630072063,
                    "income_household_under_5": 0.031592645830020895,
                    "income_household_5_to_10": 0.019682950530780962,
                    "income_household_10_to_15": 0.02047393555929324,
                    "income_household_15_to_20": 0.007063113268663098,
                    "income_household_20_to_25": 0.011458317472565255,
                    "income_household_25_to_35": 0.028349353133186626,
                    "income_household_35_to_50": 0.027131644471614494,
                    "income_household_50_to_75": 0.015615866219651976,
                    "income_household_75_to_100": 0.02155369538965998,
                    "income_household_100_to_150": 0.013958167194831717,
                    "income_household_150_over": 0.013039866474824458,
                    "income_household_six_figure": 0.04711405566234113,
                    "income_individual_median": 0.02255142995105223,
                    "home_ownership": 0.008134408686861128,
                    "housing_units": 0.1080782500461808,
                    "home_value": 0.046417776604217253,
                    "rent_median": 0.01944609361690076,
                    "rent_burden": 0.012222207090158178,
                    "education_less_highschool": 0.014523389308811382,
                    "education_highschool": 0.013285905475251238,
                    "education_some_college": 0.022370602818356716,
                    "education_bachelors": 0.013119720491629693,
                    "education_graduate": 0.007948511367676214,
                    "education_college_or_above": 0.02263644067451561,
                    "education_stem_degree": 0.013137169565175561,
                    "labor_force_participation": 0.02118210175412956,
                    "unemployment_rate": 0.012254901081111632,
                    "self_employed": 0.02704114316409988,
                    "farmer": 0.019333047665182745,
                    "race_white": 0.0074322382541220375,
                    "race_black": 0.012457866687040006,
                    "race_asian": 0.014651146262815645,
                    "race_native": 0.010347353006109842,
                    "race_pacific": 0.019595108554192477,
                    "race_other": 0.008350936694313178,
                    "race_multiple": 0.027498371337774608,
                    "hispanic": 0.02665817118193901,
                    "disabled": 0.01256742908973795,
                    "poverty": 0.00880294446289627,
                    "limited_english": 0.008882873802294512,
                    "commute_time": 0.019031854303439445,
                    "health_uninsured": 0.014285199012949914,
                    "veteran": 0.012494735374353961,
                    "Ozone": 0.01302461981096326,
                    "PM25": 0.013583696007607789,
                    "N02": 0.01425778592742225
                },
                "expected_value": 0.6457680320435557
            },
            "0": {
                "global_shap_values": {
                    "patient_id": 0.01093266747003333,
                    "patient_race": 0.030698978894287222,
                    "payer_type": 0.16144776021650067,
                    "patient_state": 0.05407009097636995,
                    "patient_zip3": 0.021938788145429197,
                    "patient_age": 0.07684381494797188,
                    "patient_gender": 0.006039910887183554,
                    "bmi": 0.021148239261414233,
                    "breast_cancer_diagnosis_code": 0.5958697970571293,
                    "breast_cancer_diagnosis_desc": 0.24082038326613725,
                    "metastatic_cancer_diagnosis_code": 0.1231671959260811,
                    "metastatic_first_novel_treatment": 0.006884736907783143,
                    "metastatic_first_novel_treatment_type": 0.006592382668435631,
                    "Region": 0.018740425511385002,
                    "Division": 0.022090722181684633,
                    "population": 0.10300555719154664,
                    "density": 0.032018470033512894,
                    "age_median": 0.04208785884383276,
                    "age_under_10": 0.009538752336883522,
                    "age_10_to_19": 0.009339306008904081,
                    "age_20s": 0.0077042333182608495,
                    "age_30s": 0.01966341101904712,
                    "age_40s": 0.02045382629606285,
                    "age_50s": 0.008286632460838526,
                    "age_60s": 0.009091349163820837,
                    "age_70s": 0.007937735795342824,
                    "age_over_80": 0.007616722404541812,
                    "male": 0.008066748240699598,
                    "female": 0.0077595761285550345,
                    "married": 0.038790533462501914,
                    "divorced": 0.006804287268519495,
                    "never_married": 0.05903557883003137,
                    "widowed": 0.01620990446553402,
                    "family_size": 0.0317988150106094,
                    "family_dual_income": 0.019856578485023965,
                    "income_household_median": 0.01445844018897727,
                    "income_household_under_5": 0.03159263995294233,
                    "income_household_5_to_10": 0.019682955195537907,
                    "income_household_10_to_15": 0.020473934654125676,
                    "income_household_15_to_20": 0.007063115283242495,
                    "income_household_20_to_25": 0.011458320105804486,
                    "income_household_25_to_35": 0.028349354145209824,
                    "income_household_35_to_50": 0.027131644276257368,
                    "income_household_50_to_75": 0.01561586569040731,
                    "income_household_75_to_100": 0.0215537008746257,