{
    "importance": {
        "patient_id": 0.02186533286156896,
        "patient_race": 0.06139795817906082,
        "payer_type": 0.3228955162308396,
        "patient_state": 0.10814017780505701,
        "patient_zip3": 0.04387757222670344,
        "patient_age": 0.15368763118961382,
        "patient_gender": 0.012079823397464523,
        "bmi": 0.04229647810941653,
        "breast_cancer_diagnosis_code": 1.1917395950619092,
        "breast_cancer_diagnosis_desc": 0.48164076796435706,
        "metastatic_cancer_diagnosis_code": 0.24633438971629912,
        "metastatic_first_novel_treatment": 0.013769476893191373,
        "metastatic_first_novel_treatment_type": 0.013184768994146294,
        "Region": 0.03748084882333069,
        "Division": 0.044181439155918004,
        "population": 0.20601111631984412,
        "density": 0.0640369377646835,
        "age_median": 0.08417571719735709,
        "age_under_10": 0.019077503354292126,
        "age_10_to_19": 0.018678609910770375,
        "age_20s": 0.01540846309472691,
        "age_30s": 0.03932682247748552,
        "age_40s": 0.04090765236437521,
        "age_50s": 0.016573266732611204,
        "age_60s": 0.018182701029622245,
        "age_70s": 0.015875472639062353,
        "age_over_80": 0.015233444388518284,
        "male": 0.01613349093187287,
        "female": 0.015519149940357174,
        "married": 0.07758106815516991,
        "divorced": 0.01360857226860585,
        "never_married": 0.1180711549695857,
        "widowed": 0.032419803809022464,
        "family_size": 0.06359763061551522,
        "family_dual_income": 0.03971316067553258,
        "income_household_median": 0.028916881819049334,
        "income_household_under_5": 0.06318528578296323,
        "income_household_5_to_10": 0.03936590572631887,
        "income_household_10_to_15": 0.04094787021341892,
        "income_household_15_to_20": 0.014126228551905592,
        "income_household_20_to_25": 0.02291663757836974,
        "income_household_25_to_35": 0.056698707278396446,
        "income_household_35_to_50": 0.05426328874787186,
        "income_household_50_to_75": 0.031231731910059287,
        "income_household_75_to_100": 0.04310739626428568,
        "income_household_100_to_150": 0.027916336648581952,
        "income_household_150_over": 0.02607973343837585,
        "income_household_six_figure": 0.09422810926672531,
        "income_individual_median": 0.045102855676214,
        "home_ownership": 0.016268820566440297,
        "housing_units": 0.21615650043868587,
        "home_value": 0.09283555015890171,
        "rent_median": 0.0388921869783483,
        "rent_burden": 0.02444441332362625,
        "education_less_highschool": 0.029046782647670195,
        "education_highschool": 0.026571813753579986,
        "education_some_college": 0.04474121009597226,
        "education_bachelors": 0.02623944209916307,
        "education_graduate": 0.015897027204176167,
        "education_college_or_above": 0.045272880045258604,
        "education_stem_degree": 0.026274338677182523,
        "labor_force_participation": 0.04236420140139571,
        "unemployment_rate": 0.024509797434290923,
        "self_employed": 0.05408229288000407,
        "farmer": 0.038666097740995595,
        "race_white": 0.014864473872996345,
        "race_black": 0.02491573506190902,
        "race_asian": 0.02930229145595692,
        "race_native": 0.02069469992149465,
        "race_pacific": 0.03919021713329868,
        "race_other": 0.016701880819125083,
        "race_multiple": 0.054996745562689256,
        "hispanic": 0.053316339722685,
        "disabled": 0.02513485954621678,
        "poverty": 0.01760589271403509,
        "limited_english": 0.017765744798698642,
        "commute_time": 0.03806371046590603,
        "health_uninsured": 0.02857040097863181,
        "veteran": 0.024989472868826825,
        "Ozone": 0.026049234336859826,
        "PM25": 0.02716739501294007,
        "N02": 0.028515569096671627
    }
}