{
    "version": "1.0",
    "explanations": {
        "kernel_shap": {
            "1": {
                "global_shap_values": {
                    "patient_id": 0.011831823528657758,
                    "patient_race": 0.025926312153594654,
                    "payer_type": 0.1548110665036686,
                    "patient_state": 0.04403608380306819,
                    "patient_zip3": 0.00939331164762702,
                    "patient_age": 0.07298453147604214,
                    "patient_gender": 0.005472547118702722,
                    "bmi": 0.022842146664870482,
                    "breast_cancer_diagnosis_code": 0.5716307130647497,
                    "breast_cancer_diagnosis_desc": 0.19873929380023378,
                    "metastatic_cancer_diagnosis_code": 0.09616328885121317,
                    "metastatic_first_novel_treatment": 0.006074905971929752,
                    "metastatic_first_novel_treatment_type": 0.005648712816081597,
                    "Region": 0.014557888470590762,
                    "Division": 0.011004992038481376,
                    "population": 0.030663766550963013,
                    "density": 0.023322529240179336,
                    "age_median": 0.023347331246142126,
                    "age_under_10": 0.00878750438994841,
                    "age_10_to_19": 0.012311996216977749,
                    "age_20s": 0.008348957071787608,
                    "age_30s": 0.012639816980728207,
                    "age_40s": 0.013253360166479069,
                    "age_50s": 0.0075967263435335235,
                    "age_60s": 0.01103988402002688,
                    "age_70s": 0.006448683228996356,
                    "age_over_80": 0.006842966661811232,
                    "male": 0.007278226249875795,
                    "female": 0.006054901152803653,
                    "married": 0.0069213089353243745,
                    "divorced": 0.009172456732728599,
                    "never_married": 0.007843046460368193,
                    "widowed": 0.009694923814746598,
                    "family_size": 0.0172086390059907,
                    "family_dual_income": 0.01756530847928398,
                    "income_household_median": 0.014679308431833803,
                    "income_household_under_5": 0.03810254193548074,
                    "income_household_5_to_10": 0.02119572288489149,
                    "income_household_10_to_15": 0.006725310491264362,
                    "income_household_15_to_20": 0.007039036686480722,
                    "income_household_20_to_25": 0.011869527593821622,
                    "income_household_25_to_35": 0.020040539637141606,
                    "income_household_35_to_50": 0.011575792985407856,
                    "income_household_50_to_75": 0.009322755813824536,
                    "income_household_75_to_100": 0.018265546741581193,
                    "income_household_100_to_150": 0.007898171990891387,
                    "income_household_150_over": 0.008504875373927256,
                    "income_household_six_figure": 0.03824194222394226,
                    "income_individual_median": 0.02017051044430744,
                    "home_ownership": 0.009514990900145065,
                    "housing_units": 0.03894827191890585,
                    "home_value": 0.02874137352709085,
                    "rent_median": 0.006271838571503556,
                    "rent_burden": 0.01389081841539489,
                    "education_less_highschool": 0.015384831064723908,
                    "education_highschool": 0.018853762116389113,
                    "education_some_college": 0.023430542344425084,
                    "education_bachelors": 0.011438420548591875,
                    "education_graduate": 0.008055471006418326,
                    "education_college_or_above": 0.024548621532471147,
                    "education_stem_degree": 0.014276952743623988,
                    "labor_force_participation": 0.013711527830456496,
                    "unemployment_rate": 0.012578843594026164,
                    "self_employed": 0.021555671744144432,
                    "farmer": 0.017795269933195898,
                    "race_white": 0.008525439051906846,
                    "race_black": 0.01068793334178129,
                    "race_asian": 0.011841374074239418,
                    "race_native": 0.006784924058498886,
                    "race_pacific": 0.021340353122250126,
                    "race_other": 0.006371496994178072,
                    "race_multiple": 0.023498709225060085,
                    "hispanic": 0.022559016504289275,
                    "disabled": 0.010342158375630404,
                    "poverty": 0.011361595643663808,
                    "limited_english": 0.008482092263957587,
                    "commute_time": 0.015489804594518788,
                    "health_uninsured": 0.013696330089694453,
                    "veteran": 0.007253326104576533,
                    "Ozone": 0.012506056500100272,
                    "PM25": 0.013441319281244108,
                    "N02": 0.009985276540043742
                },
                "expected_value": 0.7201910469519699
            },
            "0": {
                "global_shap_values": {
                    "patient_id": 0.011831818253012223,
                    "patient_race": 0.02592631318670803,
                    "payer_type": 0.15481107407455708,
                    "patient_state": 0.04403608729727974,
                    "patient_zip3": 0.009393308892790646,
                    "patient_age": 0.07298453610081725,
                    "patient_gender": 0.005472547809596046,
                    "bmi": 0.02284214293124483,
                    "breast_cancer_diagnosis_code": 0.5716307138054387,
                    "breast_cancer_diagnosis_desc": 0.19873928943919725,
                    "metastatic_cancer_diagnosis_code": 0.09616328835542254,
                    "metastatic_first_novel_treatment": 0.006074902045081574,
                    "metastatic_first_novel_treatment_type": 0.005648710670667022,
                    "Region": 0.014557889113664456,
                    "Division": 0.011004990117183821,
                    "population": 0.030663765777998387,
                    "density": 0.023322530631295846,
                    "age_median": 0.02334733077896216,
                    "age_under_10": 0.00878750144516111,
                    "age_10_to_19": 0.012311996881950367,
                    "age_20s": 0.008348955019310158,
                    "age_30s": 0.012639817455726924,
                    "age_40s": 0.013253366868440178,
                    "age_50s": 0.0075967271735903185,
                    "age_60s": 0.011039884636371237,
                    "age_70s": 0.006448686326583146,
                    "age_over_80": 0.006842961962947759,
                    "male": 0.007278221555199831,
                    "female": 0.006054904698179778,
                    "married": 0.006921312569179047,
                    "divorced": 0.009172455383543731,
                    "never_married": 0.007843042304241188,
                    "widowed": 0.009694919176091638,
                    "family_size": 0.0172086385703938,
                    "family_dual_income": 0.01756531040690306,
                    "income_household_median": 0.014679305199852508,
                    "income_household_under_5": 0.038102538669349824,
                    "income_household_5_to_10": 0.021195723939207024,
                    "income_household_10_to_15": 0.006725307716051409,
                    "income_household_15_to_20": 0.0070390459145118,
                    "income_household_20_to_25": 0.011869524093902734,
                    "income_household_25_to_35": 0.02004054256455688,
                    "income_household_35_to_50": 0.011575785406602371,
                    "income_household_50_to_75": 0.009322754562694349,
                    "income_household_75_to_100": 0.01826554442260437,