{
    "importance": {
        "patient_id": 0.02366364178166998,
        "patient_race": 0.05185262534030269,
        "payer_type": 0.3096221405782257,
        "patient_state": 0.08807217110034793,
        "patient_zip3": 0.018786620540417666,
        "patient_age": 0.1459690675768594,
        "patient_gender": 0.010945094928298767,
        "bmi": 0.04568428959611531,
        "breast_cancer_diagnosis_code": 1.1432614268701884,
        "breast_cancer_diagnosis_desc": 0.397478583239431,
        "metastatic_cancer_diagnosis_code": 0.1923265772066357,
        "metastatic_first_novel_treatment": 0.012149808017011326,
        "metastatic_first_novel_treatment_type": 0.011297423486748618,
        "Region": 0.029115777584255216,
        "Division": 0.022009982155665197,
        "population": 0.061327532328961404,
        "density": 0.046645059871475186,
        "age_median": 0.04669466202510429,
        "age_under_10": 0.01757500583510952,
        "age_10_to_19": 0.024623993098928116,
        "age_20s": 0.016697912091097764,
        "age_30s": 0.02527963443645513,
        "age_40s": 0.02650672703491925,
        "age_50s": 0.015193453517123843,
        "age_60s": 0.022079768656398116,
        "age_70s": 0.012897369555579501,
        "age_over_80": 0.013685928624758991,
        "male": 0.014556447805075626,
        "female": 0.01210980585098343,
        "married": 0.013842621504503421,
        "divorced": 0.01834491211627233,
        "never_married": 0.01568608876460938,
        "widowed": 0.019389842990838235,
        "family_size": 0.0344172775763845,
        "family_dual_income": 0.03513061888618704,
        "income_household_median": 0.029358613631686313,
        "income_household_under_5": 0.07620508060483056,
        "income_household_5_to_10": 0.04239144682409851,
        "income_household_10_to_15": 0.01345061820731577,
        "income_household_15_to_20": 0.014078082600992522,
        "income_household_20_to_25": 0.023739051687724354,
        "income_household_25_to_35": 0.04008108220169848,
        "income_household_35_to_50": 0.02315157839201023,
        "income_household_50_to_75": 0.018645510376518883,
        "income_household_75_to_100": 0.03653109116418556,
        "income_household_100_to_150": 0.015796340278607462,
        "income_household_150_over": 0.017009752983151542,
        "income_household_six_figure": 0.07648388190232662,
        "income_individual_median": 0.04034101809910741,
        "home_ownership": 0.019029985288325908,
        "housing_units": 0.07789654635134532,
        "home_value": 0.05748274871473845,
        "rent_median": 0.012543677878167165,
        "rent_burden": 0.027781634879581893,
        "education_less_highschool": 0.030769662823525175,
        "education_highschool": 0.037707522528918305,
        "education_some_college": 0.04686108429622095,
        "education_bachelors": 0.02287684003871054,
        "education_graduate": 0.016110938357554644,
        "education_college_or_above": 0.049097243543796104,
        "education_stem_degree": 0.028553909846110538,
        "labor_force_participation": 0.027423057335013434,
        "unemployment_rate": 0.025157685730313333,
        "self_employed": 0.043111346226729436,
        "farmer": 0.03559053506242882,
        "race_white": 0.017050879533739596,
        "race_black": 0.021375863403710334,
        "race_asian": 0.023682746698880115,
        "race_native": 0.013569847492605341,
        "race_pacific": 0.04268070907270914,
        "race_other": 0.012742990726893132,
        "race_multiple": 0.04699741401640544,
        "hispanic": 0.04511803215991038,
        "disabled": 0.02068431470832414,
        "poverty": 0.022723191909477504,
        "limited_english": 0.016964184475189825,
        "commute_time": 0.030979609081961686,
        "health_uninsured": 0.02739266454089953,
        "veteran": 0.01450665333658294,
        "Ozone": 0.025012111668714608,
        "PM25": 0.026882637976910626,
        "N02": 0.019970558174993623
    }
}