{
    "version": "1.0",
    "explanations": {
        "kernel_shap": {
            "1": {
                "global_shap_values": {
                    "patient_id": 0.02638893453714877,
                    "patient_race": 0.055002478180035376,
                    "payer_type": 0.12507026446359873,
                    "patient_state": 0.04484408595161426,
                    "patient_zip3": 0.022251537409690166,
                    "patient_age": 0.05588507817599829,
                    "patient_gender": 0.01815775841175973,
                    "bmi": 0.024259379106620155,
                    "breast_cancer_diagnosis_code": 0.7167235435195665,
                    "breast_cancer_diagnosis_desc": 0.15708504925019084,
                    "metastatic_cancer_diagnosis_code": 0.14829311415565877,
                    "metastatic_first_novel_treatment": 0.018116288153226932,
                    "metastatic_first_novel_treatment_type": 0.016579644807989808,
                    "Region": 0.05761735073248432,
                    "Division": 0.03655378783410921,
                    "population": 0.02088574681368804,
                    "density": 0.025309900895785435,
                    "age_median": 0.020035051983926046,
                    "age_under_10": 0.019978815029100018,
                    "age_10_to_19": 0.021669549113441412,
                    "age_20s": 0.021139590095672987,
                    "age_30s": 0.020549236885639446,
                    "age_40s": 0.019261032024734146,
                    "age_50s": 0.023043315638341482,
                    "age_60s": 0.020335252513267347,
                    "age_70s": 0.020628694074213208,
                    "age_over_80": 0.020953992068421697,
                    "male": 0.02211356261922309,
                    "female": 0.021232301910536953,
                    "married": 0.025408691856518704,
                    "divorced": 0.019877428245514757,
                    "never_married": 0.021575981774019547,
                    "widowed": 0.019197077069533202,
                    "family_size": 0.027908974946821256,
                    "family_dual_income": 0.02489423794920701,
                    "income_household_median": 0.02161074714065021,
                    "income_household_under_5": 0.022437890330761316,
                    "income_household_5_to_10": 0.020752576095507156,
                    "income_household_10_to_15": 0.01920999621537199,
                    "income_household_15_to_20": 0.018517895826031052,
                    "income_household_20_to_25": 0.025378265807521547,
                    "income_household_25_to_35": 0.023459726981773912,
                    "income_household_35_to_50": 0.02486027782914964,
                    "income_household_50_to_75": 0.01955339212383638,
                    "income_household_75_to_100": 0.029106901638014878,
                    "income_household_100_to_150": 0.020515579042785545,
                    "income_household_150_over": 0.02143595240002572,
                    "income_household_six_figure": 0.018426681047042613,
                    "income_individual_median": 0.023160907574370084,
                    "home_ownership": 0.021346964672480716,
                    "housing_units": 0.021068845180267196,
                    "home_value": 0.025818714509572467,
                    "rent_median": 0.022947534657092185,
                    "rent_burden": 0.023524364051118445,
                    "education_less_highschool": 0.025823911678566906,
                    "education_highschool": 0.024369893273999358,
                    "education_some_college": 0.02367466846070657,
                    "education_bachelors": 0.024679062834212458,
                    "education_graduate": 0.020276316721762548,
                    "education_college_or_above": 0.02062388594594351,
                    "education_stem_degree": 0.02047829482489046,
                    "labor_force_participation": 0.02075189845440861,
                    "unemployment_rate": 0.020643055234276602,
                    "self_employed": 0.02231850219483738,
                    "farmer": 0.021196802592695796,
                    "race_white": 0.02164807756771603,
                    "race_black": 0.02166097169724623,
                    "race_asian": 0.0183982834003938,
                    "race_native": 0.022045555573142684,
                    "race_pacific": 0.024196153267610918,
                    "race_other": 0.025266132301963586,
                    "race_multiple": 0.021530599208737285,
                    "hispanic": 0.02352889469764373,
                    "disabled": 0.019488427797516805,
                    "poverty": 0.018840478160706668,
                    "limited_english": 0.022316279081956682,
                    "commute_time": 0.026918193705417204,
                    "health_uninsured": 0.0260761412583994,
                    "veteran": 0.021713162241285347,
                    "Ozone": 0.019795015003329062,
                    "PM25": 0.02074764611912034,
                    "N02": 0.02141517591977762
                },
                "expected_value": 1.1250857608069422
            },
            "0": {
                "global_shap_values": {
                    "patient_id": 0.026388930599625902,
                    "patient_race": 0.05500247111251177,
                    "payer_type": 0.12507026776524394,
                    "patient_state": 0.044844086890303565,
                    "patient_zip3": 0.02225154003545144,
                    "patient_age": 0.05588507594205593,
                    "patient_gender": 0.018157758060015114,
                    "bmi": 0.024259367337514087,
                    "breast_cancer_diagnosis_code": 0.7167235464585706,
                    "breast_cancer_diagnosis_desc": 0.1570850435559331,
                    "metastatic_cancer_diagnosis_code": 0.14829310527285675,
                    "metastatic_first_novel_treatment": 0.018116293138899092,
                    "metastatic_first_novel_treatment_type": 0.016579652191718808,
                    "Region": 0.05761734971263769,
                    "Division": 0.03655379130293893,
                    "population": 0.020885754060399372,
                    "density": 0.025309908620981866,
                    "age_median": 0.020035058584807166,
                    "age_under_10": 0.019978809857486183,
                    "age_10_to_19": 0.02166954751798459,
                    "age_20s": 0.021139586734064145,
                    "age_30s": 0.02054923969569697,
                    "age_40s": 0.019261032160560184,
                    "age_50s": 0.023043312232144238,
                    "age_60s": 0.02033524562108993,
                    "age_70s": 0.020628684932958892,
                    "age_over_80": 0.020953991682981156,
                    "male": 0.02211356038717367,
                    "female": 0.021232297646652507,
                    "married": 0.02540868756117781,
                    "divorced": 0.019877430805095415,
                    "never_married": 0.021575982003888525,
                    "widowed": 0.019197078292280578,
                    "family_size": 0.027908968231089532,
                    "family_dual_income": 0.02489423792691161,
                    "income_household_median": 0.021610744950370225,
                    "income_household_under_5": 0.02243789126553331,
                    "income_household_5_to_10": 0.020752582597603774,
                    "income_household_10_to_15": 0.01920999732730143,
                    "income_household_15_to_20": 0.018517900322596738,
                    "income_household_20_to_25": 0.025378264961590378,
                    "income_household_25_to_35": 0.02345972676197542,
                    "income_household_35_to_50": 0.02486027424824931,
                    "income_household_50_to_75": 0.01955339257400102,
                    "income_household_75_to_100": 0.029106903093596138,