{
    "importance": {
        "patient_id": 0.05277786513677467,
        "patient_race": 0.11000494929254714,
        "payer_type": 0.2501405322288427,
        "patient_state": 0.08968817284191782,
        "patient_zip3": 0.044503077445141606,
        "patient_age": 0.11177015411805422,
        "patient_gender": 0.03631551647177485,
        "bmi": 0.048518746444134245,
        "breast_cancer_diagnosis_code": 1.433447089978137,
        "breast_cancer_diagnosis_desc": 0.31417009280612396,
        "metastatic_cancer_diagnosis_code": 0.2965862194285155,
        "metastatic_first_novel_treatment": 0.036232581292126025,
        "metastatic_first_novel_treatment_type": 0.03315929699970861,
        "Region": 0.11523470044512202,
        "Division": 0.07310757913704814,
        "population": 0.04177150087408742,
        "density": 0.0506198095167673,
        "age_median": 0.04007011056873321,
        "age_under_10": 0.039957624886586204,
        "age_10_to_19": 0.043339096631426,
        "age_20s": 0.04227917682973713,
        "age_30s": 0.04109847658133642,
        "age_40s": 0.03852206418529433,
        "age_50s": 0.046086627870485716,
        "age_60s": 0.040670498134357275,
        "age_70s": 0.0412573790071721,
        "age_over_80": 0.04190798375140285,
        "male": 0.04422712300639676,
        "female": 0.04246459955718946,
        "married": 0.05081737941769651,
        "divorced": 0.03975485905061017,
        "never_married": 0.04315196377790807,
        "widowed": 0.03839415536181378,
        "family_size": 0.05581794317791079,
        "family_dual_income": 0.04978847587611862,
        "income_household_median": 0.043221492091020434,
        "income_household_under_5": 0.04487578159629463,
        "income_household_5_to_10": 0.04150515869311093,
        "income_household_10_to_15": 0.03841999354267342,
        "income_household_15_to_20": 0.037035796148627786,
        "income_household_20_to_25": 0.05075653076911192,
        "income_household_25_to_35": 0.04691945374374933,
        "income_household_35_to_50": 0.04972055207739895,
        "income_household_50_to_75": 0.039106784697837405,
        "income_household_75_to_100": 0.058213804731611016,
        "income_household_100_to_150": 0.041031157087268746,
        "income_household_150_over": 0.04287191150847097,
        "income_household_six_figure": 0.03685337054114833,
        "income_individual_median": 0.046321805108582956,
        "home_ownership": 0.042693927608372206,
        "housing_units": 0.04213769086379699,
        "home_value": 0.05163742693057152,
        "rent_median": 0.045895072730030836,
        "rent_burden": 0.04704872966158294,
        "education_less_highschool": 0.051647824260941756,
        "education_highschool": 0.04873978805612407,
        "education_some_college": 0.047349331947838774,
        "education_bachelors": 0.049358136203545074,
        "education_graduate": 0.04055263166785854,
        "education_college_or_above": 0.041247771055990826,
        "education_stem_degree": 0.04095659171930596,
        "labor_force_participation": 0.04150380157226638,
        "unemployment_rate": 0.04128610987845128,
        "self_employed": 0.04463699950311974,
        "farmer": 0.04239359922565772,
        "race_white": 0.043296161693729206,
        "race_black": 0.04332194356379477,
        "race_asian": 0.03679656414887522,
        "race_native": 0.04409110840936051,
        "race_pacific": 0.04839230807062052,
        "race_other": 0.05053227792108095,
        "race_multiple": 0.043061203388061936,
        "hispanic": 0.04705779260425698,
        "disabled": 0.03897685536124351,
        "poverty": 0.03768095247253438,
        "limited_english": 0.04463255528136466,
        "commute_time": 0.05383638643907509,
        "health_uninsured": 0.05215227725951819,
        "veteran": 0.04342632935033782,
        "Ozone": 0.03959003422713421,
        "PM25": 0.04149528696081134,
        "N02": 0.04283034454579612
    }
}