{
    "version": "1.0",
    "explanations": {
        "kernel_shap": {
            "1": {
                "global_shap_values": {
                    "patient_id": 0.010228946347524102,
                    "patient_race": 0.027343057432092047,
                    "payer_type": 0.162338103362686,
                    "patient_state": 0.045998935002933346,
                    "patient_zip3": 0.007695487308649149,
                    "patient_age": 0.07976377394004179,
                    "patient_gender": 0.005580558904491685,
                    "bmi": 0.020456593239487016,
                    "breast_cancer_diagnosis_code": 0.6013795551122978,
                    "breast_cancer_diagnosis_desc": 0.18159300621417737,
                    "metastatic_cancer_diagnosis_code": 0.2036148386275479,
                    "metastatic_first_novel_treatment": 0.006188150793496103,
                    "metastatic_first_novel_treatment_type": 0.005767265059750075,
                    "Region": 0.019037977429480296,
                    "Division": 0.018741351184006858,
                    "population": 0.07055432405530834,
                    "density": 0.03322155794382713,
                    "age_median": 0.03532238443054117,
                    "age_under_10": 0.008814477503383118,
                    "age_10_to_19": 0.009853617055895436,
                    "age_20s": 0.009917954444308248,
                    "age_30s": 0.019447337565853276,
                    "age_40s": 0.018720276847200006,
                    "age_50s": 0.0071382687725163015,
                    "age_60s": 0.0062197962028992205,
                    "age_70s": 0.013451591215330416,
                    "age_over_80": 0.0070640627318904825,
                    "male": 0.006851283092962026,
                    "female": 0.006175125353776027,
                    "married": 0.010001857210850555,
                    "divorced": 0.0074958532625353,
                    "never_married": 0.013126590714863804,
                    "widowed": 0.012825572280317348,
                    "family_size": 0.026080538824961037,
                    "family_dual_income": 0.017069152945728867,
                    "income_household_median": 0.01916500846874841,
                    "income_household_under_5": 0.034468557320806024,
                    "income_household_5_to_10": 0.017419946693937767,
                    "income_household_10_to_15": 0.00785495061138619,
                    "income_household_15_to_20": 0.006355037939957772,
                    "income_household_20_to_25": 0.017556867467425,
                    "income_household_25_to_35": 0.021212014187619296,
                    "income_household_35_to_50": 0.019408296417102726,
                    "income_household_50_to_75": 0.0067077051440632,
                    "income_household_75_to_100": 0.025030083121304024,
                    "income_household_100_to_150": 0.014223290716061708,
                    "income_household_150_over": 0.005968575060858934,
                    "income_household_six_figure": 0.009399709631808428,
                    "income_individual_median": 0.008288966964677541,
                    "home_ownership": 0.012816947684799317,
                    "housing_units": 0.07708843290740827,
                    "home_value": 0.05020638285333355,
                    "rent_median": 0.01528588487795358,
                    "rent_burden": 0.011756722320991076,
                    "education_less_highschool": 0.015332739054959873,
                    "education_highschool": 0.01383243861638868,
                    "education_some_college": 0.02663165964314741,
                    "education_bachelors": 0.01656263573092151,
                    "education_graduate": 0.017170509871964463,
                    "education_college_or_above": 0.06575415648603863,
                    "education_stem_degree": 0.01319236980615023,
                    "labor_force_participation": 0.00716100079742143,
                    "unemployment_rate": 0.010242522439313468,
                    "self_employed": 0.016595476146916373,
                    "farmer": 0.01921869454368734,
                    "race_white": 0.009779627123115415,
                    "race_black": 0.009034187350159085,
                    "race_asian": 0.010371850532770179,
                    "race_native": 0.012168826788375626,
                    "race_pacific": 0.01949610646705795,
                    "race_other": 0.007983046148626676,
                    "race_multiple": 0.02312571744732999,
                    "hispanic": 0.021989068189728185,
                    "disabled": 0.007325582867661892,
                    "poverty": 0.010371205873161305,
                    "limited_english": 0.017600711012041238,
                    "commute_time": 0.016197279299208323,
                    "health_uninsured": 0.00974984247270766,
                    "veteran": 0.006531719034767062,
                    "Ozone": 0.010073087303669284,
                    "PM25": 0.011582767731511746,
                    "N02": 0.011537343968163633
                },
                "expected_value": 0.5877832528690056
            },
            "0": {
                "global_shap_values": {
                    "patient_id": 0.010228938567766927,
                    "patient_race": 0.027343058180356997,
                    "payer_type": 0.1623381026378557,
                    "patient_state": 0.045998936130046006,
                    "patient_zip3": 0.00769548833194814,
                    "patient_age": 0.0797637734548147,
                    "patient_gender": 0.005580561197927398,
                    "bmi": 0.02045659690823424,
                    "breast_cancer_diagnosis_code": 0.6013795580509822,
                    "breast_cancer_diagnosis_desc": 0.18159300344246515,
                    "metastatic_cancer_diagnosis_code": 0.20361484697342236,
                    "metastatic_first_novel_treatment": 0.006188151633929147,
                    "metastatic_first_novel_treatment_type": 0.005767265232643098,
                    "Region": 0.019037976856883167,
                    "Division": 0.01874135033764189,
                    "population": 0.07055432095611378,
                    "density": 0.03322155596281881,
                    "age_median": 0.035322386537564594,
                    "age_under_10": 0.008814475551024239,
                    "age_10_to_19": 0.009853617063779246,
                    "age_20s": 0.009917953687230972,
                    "age_30s": 0.019447331332739216,
                    "age_40s": 0.01872027550876683,
                    "age_50s": 0.007138271628067171,
                    "age_60s": 0.006219795508981001,
                    "age_70s": 0.013451588831611194,
                    "age_over_80": 0.007064065729428348,
                    "male": 0.00685128040639035,
                    "female": 0.006175124976566866,
                    "married": 0.01000186149653242,
                    "divorced": 0.0074958594971415785,
                    "never_married": 0.013126592905974776,
                    "widowed": 0.012825571683930734,
                    "family_size": 0.026080539262463582,
                    "family_dual_income": 0.0170691452445016,
                    "income_household_median": 0.019165011479430578,
                    "income_household_under_5": 0.03446855288792486,
                    "income_household_5_to_10": 0.017419946782980072,
                    "income_household_10_to_15": 0.007854954103345798,
                    "income_household_15_to_20": 0.00635504066500976,
                    "income_household_20_to_25": 0.017556865819338064,
                    "income_household_25_to_35": 0.021212011403230258,
                    "income_household_35_to_50": 0.019408289573089106,
                    "income_household_50_to_75": 0.006707702942768867,
                    "income_household_75_to_100": 0.025030084662109108,