{
    "importance": {
        "patient_id": 0.02045788491529103,
        "patient_race": 0.05468611561244904,
        "payer_type": 0.3246762060005417,
        "patient_state": 0.09199787113297936,
        "patient_zip3": 0.015390975640597288,
        "patient_age": 0.15952754739485647,
        "patient_gender": 0.011161120102419084,
        "bmi": 0.040913190147721254,
        "breast_cancer_diagnosis_code": 1.20275911316328,
        "breast_cancer_diagnosis_desc": 0.3631860096566425,
        "metastatic_cancer_diagnosis_code": 0.4072296856009703,
        "metastatic_first_novel_treatment": 0.01237630242742525,
        "metastatic_first_novel_treatment_type": 0.011534530292393173,
        "Region": 0.03807595428636346,
        "Division": 0.037482701521648745,
        "population": 0.14110864501142212,
        "density": 0.06644311390664595,
        "age_median": 0.07064477096810576,
        "age_under_10": 0.017628953054407356,
        "age_10_to_19": 0.019707234119674684,
        "age_20s": 0.01983590813153922,
        "age_30s": 0.03889466889859249,
        "age_40s": 0.037440552355966834,
        "age_50s": 0.014276540400583473,
        "age_60s": 0.012439591711880221,
        "age_70s": 0.02690318004694161,
        "age_over_80": 0.01412812846131883,
        "male": 0.013702563499352376,
        "female": 0.012350250330342892,
        "married": 0.020003718707382975,
        "divorced": 0.014991712759676878,
        "never_married": 0.02625318362083858,
        "widowed": 0.025651143964248082,
        "family_size": 0.05216107808742462,
        "family_dual_income": 0.03413829819023047,
        "income_household_median": 0.03833001994817899,
        "income_household_under_5": 0.06893711020873089,
        "income_household_5_to_10": 0.034839893476917835,
        "income_household_10_to_15": 0.015709904714731986,
        "income_household_15_to_20": 0.012710078604967532,
        "income_household_20_to_25": 0.035113733286763066,
        "income_household_25_to_35": 0.042424025590849554,
        "income_household_35_to_50": 0.03881658599019183,
        "income_household_50_to_75": 0.013415408086832066,
        "income_household_75_to_100": 0.05006016778341313,
        "income_household_100_to_150": 0.02844658326684986,
        "income_household_150_over": 0.011937152307577976,
        "income_household_six_figure": 0.018799418757326176,
        "income_individual_median": 0.01657793489468929,
        "home_ownership": 0.025633897236830704,
        "housing_units": 0.15417686257155422,
        "home_value": 0.10041276539899992,
        "rent_median": 0.030571769792556158,
        "rent_burden": 0.023513446501848383,
        "education_less_highschool": 0.030665481282251203,
        "education_highschool": 0.027664876648780493,
        "education_some_college": 0.05326332239248121,
        "education_bachelors": 0.03312527156118551,
        "education_graduate": 0.03434101681877273,
        "education_college_or_above": 0.13150830863219592,
        "education_stem_degree": 0.02638473996985924,
        "labor_force_participation": 0.014321995419858107,
        "unemployment_rate": 0.02048504269031138,
        "self_employed": 0.03319094746967878,
        "farmer": 0.03843738465354967,
        "race_white": 0.019559252971416165,
        "race_black": 0.018068376313530275,
        "race_asian": 0.020743696464845696,
        "race_native": 0.02433765598501547,
        "race_pacific": 0.038992214967274806,
        "race_other": 0.01596608726234296,
        "race_multiple": 0.04625142940139599,
        "hispanic": 0.04397813407555391,
        "disabled": 0.014651163950603067,
        "poverty": 0.020742406175549358,
        "limited_english": 0.03520142148456401,
        "commute_time": 0.032394560659490756,
        "health_uninsured": 0.01949968600611443,
        "veteran": 0.013063435131557877,
        "Ozone": 0.020146173908994848,
        "PM25": 0.023165530857951117,
        "N02": 0.023074691886647663
    }
}