{
    "version": "1.0",
    "explanations": {
        "kernel_shap": {
            "1": {
                "global_shap_values": {
                    "patient_id": 0.010637682739214822,
                    "patient_race": 0.028005202656024773,
                    "payer_type": 0.16212428636188234,
                    "patient_state": 0.04892707744050935,
                    "patient_zip3": 0.018877003112065693,
                    "patient_age": 0.0761872573085491,
                    "patient_gender": 0.005636142007358601,
                    "bmi": 0.021206816720950487,
                    "breast_cancer_diagnosis_code": 0.6039935968199394,
                    "breast_cancer_diagnosis_desc": 0.2125525622188441,
                    "metastatic_cancer_diagnosis_code": 0.1330047563577288,
                    "metastatic_first_novel_treatment": 0.006504667655139435,
                    "metastatic_first_novel_treatment_type": 0.006231444947828945,
                    "Region": 0.016605020927364447,
                    "Division": 0.01960249010871402,
                    "population": 0.09217367134458075,
                    "density": 0.0288132138983133,
                    "age_median": 0.03851920219378766,
                    "age_under_10": 0.008940531592757818,
                    "age_10_to_19": 0.009784628985392592,
                    "age_20s": 0.007196447306118758,
                    "age_30s": 0.018127646498332376,
                    "age_40s": 0.018285925441020694,
                    "age_50s": 0.007695117647345666,
                    "age_60s": 0.00839209755793462,
                    "age_70s": 0.0071986910419422415,
                    "age_over_80": 0.007438464730156664,
                    "male": 0.007837186438983986,
                    "female": 0.00743466233564726,
                    "married": 0.03510783046657662,
                    "divorced": 0.0064898020182264015,
                    "never_married": 0.05281945491686533,
                    "widowed": 0.014745926726948968,
                    "family_size": 0.03050312695574985,
                    "family_dual_income": 0.017664486823747598,
                    "income_household_median": 0.012682520749030523,
                    "income_household_under_5": 0.030927122920634757,
                    "income_household_5_to_10": 0.017658570179511925,
                    "income_household_10_to_15": 0.017934295406287153,
                    "income_household_15_to_20": 0.006608526025647478,
                    "income_household_20_to_25": 0.010768347353279188,
                    "income_household_25_to_35": 0.025419579036234208,
                    "income_household_35_to_50": 0.0243382253099552,
                    "income_household_50_to_75": 0.013801078170946134,
                    "income_household_75_to_100": 0.02023299235547715,
                    "income_household_100_to_150": 0.012762178087587204,
                    "income_household_150_over": 0.011928370856141221,
                    "income_household_six_figure": 0.04161472271591568,
                    "income_individual_median": 0.020262719321445723,
                    "home_ownership": 0.007625661704127,
                    "housing_units": 0.09683189321516181,
                    "home_value": 0.04172820751823415,
                    "rent_median": 0.017291775433994332,
                    "rent_burden": 0.011310035027488738,
                    "education_less_highschool": 0.012580228838301516,
                    "education_highschool": 0.012269335452844378,
                    "education_some_college": 0.020408937044659632,
                    "education_bachelors": 0.012365771548667928,
                    "education_graduate": 0.007439744710559279,
                    "education_college_or_above": 0.020368238787965648,
                    "education_stem_degree": 0.011935597299960465,
                    "labor_force_participation": 0.019124296046469626,
                    "unemployment_rate": 0.011606791750007372,
                    "self_employed": 0.024923924054611683,
                    "farmer": 0.017802946927918097,
                    "race_white": 0.006836935409747804,
                    "race_black": 0.012090054811910843,
                    "race_asian": 0.013525090965348553,
                    "race_native": 0.010054059179126579,
                    "race_pacific": 0.019116557238244774,
                    "race_other": 0.007937839776905932,
                    "race_multiple": 0.025381674287474617,
                    "hispanic": 0.02393313410512373,
                    "disabled": 0.011543121843762664,
                    "poverty": 0.008537264161350738,
                    "limited_english": 0.008730379009633672,
                    "commute_time": 0.01763530066937283,
                    "health_uninsured": 0.01432781580320919,
                    "veteran": 0.011466328709556257,
                    "Ozone": 0.012816673587326723,
                    "PM25": 0.012741048717153588,
                    "N02": 0.013388556764496094
                },
                "expected_value": 0.6451251540343237
            },
            "0": {
                "global_shap_values": {
                    "patient_id": 0.010637682508989985,
                    "patient_race": 0.028005201521928057,
                    "payer_type": 0.16212428699394024,
                    "patient_state": 0.04892708088985661,
                    "patient_zip3": 0.018877002961043495,
                    "patient_age": 0.07618725633663283,
                    "patient_gender": 0.005636140819736704,
                    "bmi": 0.02120681911836796,
                    "breast_cancer_diagnosis_code": 0.6039935959310231,
                    "breast_cancer_diagnosis_desc": 0.2125525616916326,
                    "metastatic_cancer_diagnosis_code": 0.13300475221097677,
                    "metastatic_first_novel_treatment": 0.00650467428613961,
                    "metastatic_first_novel_treatment_type": 0.0062314463779200606,
                    "Region": 0.016605021059436936,
                    "Division": 0.019602486163528263,
                    "population": 0.09217367224385876,
                    "density": 0.028813216486552783,
                    "age_median": 0.038519200476507164,
                    "age_under_10": 0.008940535501489771,
                    "age_10_to_19": 0.009784630011634763,
                    "age_20s": 0.0071964470706595085,
                    "age_30s": 0.018127643811654076,
                    "age_40s": 0.018285922648382406,
                    "age_50s": 0.007695115232154163,
                    "age_60s": 0.00839209928685478,
                    "age_70s": 0.007198688301854561,
                    "age_over_80": 0.007438466744316541,
                    "male": 0.007837181787753932,
                    "female": 0.0074346567569390275,
                    "married": 0.035107834642531185,
                    "divorced": 0.0064898015058546385,
                    "never_married": 0.05281945773972448,
                    "widowed": 0.01474592426586906,
                    "family_size": 0.030503124772100668,
                    "family_dual_income": 0.01766448785576907,
                    "income_household_median": 0.012682522438483975,
                    "income_household_under_5": 0.030927126818394043,
                    "income_household_5_to_10": 0.017658563597189335,
                    "income_household_10_to_15": 0.017934289881490657,
                    "income_household_15_to_20": 0.006608529043088312,
                    "income_household_20_to_25": 0.010768346818825532,
                    "income_household_25_to_35": 0.025419584868114128,
                    "income_household_35_to_50": 0.024338228473401537,
                    "income_household_50_to_75": 0.013801081171906624,
                    "income_household_75_to_100": 0.020232989320602947,