{
    "importance": {
        "patient_id": 0.02127536524820481,
        "patient_race": 0.05601040417795283,
        "payer_type": 0.3242485733558226,
        "patient_state": 0.09785415833036595,
        "patient_zip3": 0.03775400607310919,
        "patient_age": 0.15237451364518192,
        "patient_gender": 0.011272282827095305,
        "bmi": 0.042413635839318446,
        "breast_cancer_diagnosis_code": 1.2079871927509624,
        "breast_cancer_diagnosis_desc": 0.4251051239104767,
        "metastatic_cancer_diagnosis_code": 0.26600950856870553,
        "metastatic_first_novel_treatment": 0.013009341941279045,
        "metastatic_first_novel_treatment_type": 0.012462891325749004,
        "Region": 0.033210041986801386,
        "Division": 0.03920497627224229,
        "population": 0.18434734358843952,
        "density": 0.05762643038486608,
        "age_median": 0.07703840267029483,
        "age_under_10": 0.01788106709424759,
        "age_10_to_19": 0.019569258997027356,
        "age_20s": 0.014392894376778266,
        "age_30s": 0.03625529030998645,
        "age_40s": 0.0365718480894031,
        "age_50s": 0.015390232879499829,
        "age_60s": 0.0167841968447894,
        "age_70s": 0.014397379343796802,
        "age_over_80": 0.014876931474473205,
        "male": 0.015674368226737918,
        "female": 0.014869319092586288,
        "married": 0.0702156651091078,
        "divorced": 0.01297960352408104,
        "never_married": 0.10563891265658981,
        "widowed": 0.02949185099281803,
        "family_size": 0.06100625172785051,
        "family_dual_income": 0.035328974679516664,
        "income_household_median": 0.025365043187514497,
        "income_household_under_5": 0.061854249739028797,
        "income_household_5_to_10": 0.03531713377670126,
        "income_household_10_to_15": 0.03586858528777781,
        "income_household_15_to_20": 0.01321705506873579,
        "income_household_20_to_25": 0.02153669417210472,
        "income_household_25_to_35": 0.05083916390434834,
        "income_household_35_to_50": 0.048676453783356735,
        "income_household_50_to_75": 0.027602159342852758,
        "income_household_75_to_100": 0.04046598167608009,
        "income_household_100_to_150": 0.025524355550381704,
        "income_household_150_over": 0.023856744416640107,
        "income_household_six_figure": 0.08322944801670638,
        "income_individual_median": 0.04052543589388344,
        "home_ownership": 0.01525132182747745,
        "housing_units": 0.1936637864676477,
        "home_value": 0.08345641028833317,
        "rent_median": 0.03458355182254441,
        "rent_burden": 0.022620067544224035,
        "education_less_highschool": 0.025160461032729474,
        "education_highschool": 0.024538668019499332,
        "education_some_college": 0.04081787983270818,
        "education_bachelors": 0.024731540288694467,
        "education_graduate": 0.014879490704538003,
        "education_college_or_above": 0.040736473709092794,
        "education_stem_degree": 0.0238711976987441,
        "labor_force_participation": 0.03824859704303672,
        "unemployment_rate": 0.023213584504592467,
        "self_employed": 0.04984784666442712,
        "farmer": 0.03560589576726649,
        "race_white": 0.013673869357668771,
        "race_black": 0.02418010433596727,
        "race_asian": 0.027050182105320685,
        "race_native": 0.020108120852111205,
        "race_pacific": 0.038233109612358124,
        "race_other": 0.015875683602098616,
        "race_multiple": 0.05076334991018862,
        "hispanic": 0.04786627013959225,
        "disabled": 0.02308624447649825,
        "poverty": 0.017074527745959186,
        "limited_english": 0.017460760703396794,
        "commute_time": 0.03527059665135195,
        "health_uninsured": 0.028655632021276772,
        "veteran": 0.022932658360683214,
        "Ozone": 0.025633342949003837,
        "PM25": 0.02548210341991188,
        "N02": 0.026777121954515207
    }
}